[
  {
    "id": "P0001",
    "name": "iPhone X",
    "desc": "iPhone X 128GB Internal Memory, 8GB RAM, 6 Inch IPS Display",
    "price": 499,
    "updated": "Wed Sep 20 2019 17:22:41 GMT+0700"
  },
  {
    "id": "P0002",
    "name": "iPhone 11 Pro",
    "desc": "Super Retina XDR display, 5.8‑inch (diagonal) all‑screen OLED Multi‑Touch display, HDR display, 2436‑by‑1125-pixel resolution at 458 ppi 2,000,000:1 contrast ratio (typical)",
    "price": 699,
    "updated": "Wed Sep 20 2019 17:22:41 GMT+0700"
  },
  {
    "id": "P0003",
    "name": "iPhone XR",
    "desc": "Liquid Retina HD display 6.1-inch (diagonal) all-screen LCD Multi-Touch display with IPS technology 1792-by-828-pixel resolution at 326 ppi 1400:1 contrast ratio (typical)",
    "price": 599,
    "updated": "Wed Sep 20 2019 17:22:41 GMT+0700"
  }
]
